시군구코드,시도,시군구,행정구역명,행정동 (행정기관명),법정동,행정구역분류,행정기관코드,행정기관 생성일,법정동코드,법정동 관할구역 분할여부,행정동 영문명칭,비고
11110,서울특별시,종로구,종로구,종로구,종로구,11010,1111000000,19880423,1111000000,,Jongno-gu,
11140,서울특별시,중구,중구,중구,중구,11020,1114000000,19880423,1114000000,,Jung-gu,
11170,서울특별시,용산구,용산구,용산구,용산구,11030,1117000000,19880423,1117000000,,Yongsan-gu,
11200,서울특별시,성동구,성동구,성동구,성동구,11040,1120000000,19880423,1120000000,,Seongdong-gu,
11215,서울특별시,광진구,광진구,광진구,광진구,11050,1121500000,19950301,1121500000,,Gwangjin-gu,
11230,서울특별시,동대문구,동대문구,동대문구,동대문구,11060,1123000000,19880423,1123000000,,Dongdaemun-gu,
11260,서울특별시,중랑구,중랑구,중랑구,중랑구,11070,1126000000,19880423,1126000000,,Jungnang-gu,
11290,서울특별시,성북구,성북구,성북구,성북구,11080,1129000000,19880423,1129000000,,Seongbuk-gu,
11305,서울특별시,강북구,강북구,강북구,강북구,11090,1130500000,19950301,1130500000,,Gangbuk-gu,
11320,서울특별시,도봉구,도봉구,도봉구,도봉구,11100,1132000000,19880423,1132000000,,Dobong-gu,
11350,서울특별시,노원구,노원구,노원구,노원구,11110,1135000000,19880423,1135000000,,Nowon-gu,
11380,서울특별시,은평구,은평구,은평구,은평구,11120,1138000000,19880423,1138000000,,Eunpyeong-gu,
11410,서울특별시,서대문구,서대문구,서대문구,서대문구,11130,1141000000,19880423,1141000000,,Seodaemun-gu,
11440,서울특별시,마포구,마포구,마포구,마포구,11140,1144000000,19880423,1144000000,,Mapo-gu,
11470,서울특별시,양천구,양천구,양천구,양천구,11150,1147000000,19880423,1147000000,,Yangcheon-gu,
11500,서울특별시,강서구,강서구,강서구,강서구,11160,1150000000,19880423,1150000000,,Gangseo-gu,
11530,서울특별시,구로구,구로구,구로구,구로구,11170,1153000000,19880423,1153000000,,Guro-gu,
11545,서울특별시,금천구,금천구,금천구,금천구,11180,1154500000,19950301,1154500000,,Geumcheon-gu,
11560,서울특별시,영등포구,영등포구,영등포구,영등포구,11190,1156000000,19880423,1156000000,,Yeongdeungpo-gu,
11590,서울특별시,동작구,동작구,동작구,동작구,11200,1159000000,19880423,1159000000,,Dongjak-gu,
11620,서울특별시,관악구,관악구,관악구,관악구,11210,1162000000,19880423,1162000000,,Gwanak-gu,
11650,서울특별시,서초구,서초구,서초구,서초구,11220,1165000000,19880423,1165000000,,Seocho-gu,
11680,서울특별시,강남구,강남구,강남구,강남구,11230,1168000000,19880423,1168000000,,Gangnam-gu,
11710,서울특별시,송파구,송파구,송파구,송파구,11240,1171000000,19880423,1171000000,,Songpa-gu,
11740,서울특별시,강동구,강동구,강동구,강동구,11250,1174000000,19880423,1174000000,,Gangdong-gu,
26110,부산광역시,중구,중구,중구,중구,21010,2611000000,19950101,2611000000,,Jung-gu,
26140,부산광역시,서구,서구,서구,서구,21020,2614000000,19950101,2614000000,,Seo-gu,
26170,부산광역시,동구,동구,동구,동구,21030,2617000000,19950101,2617000000,,Dong-gu,
26200,부산광역시,영도구,영도구,영도구,영도구,21040,2620000000,19950101,2620000000,,Yeongdo-gu,
26230,부산광역시,부산진구,부산진구,부산진구,부산진구,21050,2623000000,19950101,2623000000,,Busanjin-gu,
26260,부산광역시,동래구,동래구,동래구,동래구,21060,2626000000,19950101,2626000000,,Dongnae-gu,
26290,부산광역시,남구,남구,남구,남구,21070,2629000000,19950101,2629000000,,Nam-gu,
26320,부산광역시,북구,북구,북구,북구,21080,2632000000,19950101,2632000000,,Buk-gu,
26350,부산광역시,해운대구,해운대구,해운대구,해운대구,21090,2635000000,19950101,2635000000,,Haeundae-gu,
26380,부산광역시,사하구,사하구,사하구,사하구,21100,2638000000,19950101,2638000000,,Saha-gu,
26410,부산광역시,금정구,금정구,금정구,금정구,21110,2641000000,19950101,2641000000,,Geumjeong-gu,
26440,부산광역시,강서구,강서구,강서구,강서구,21120,2644000000,19950101,2644000000,,Gangseo-gu,
26470,부산광역시,연제구,연제구,연제구,연제구,21130,2647000000,19950301,2647000000,,Yeonje-gu,
26500,부산광역시,수영구,수영구,수영구,수영구,21140,2650000000,19950301,2650000000,,Suyeong-gu,
26530,부산광역시,사상구,사상구,사상구,사상구,21150,2653000000,19950301,2653000000,,Sasang-gu,
26710,부산광역시,기장군,기장군,기장군,기장군,21510,2671000000,19950301,2671000000,,Gijang-gun,
27110,대구광역시,중구,중구,중구,중구,22010,2711000000,19950101,2711000000,,Jung-gu,
27140,대구광역시,동구,동구,동구,동구,22020,2714000000,19950101,2714000000,,Dong-gu,
27170,대구광역시,서구,서구,서구,서구,22030,2717000000,19950101,2717000000,,Seo-gu,
27200,대구광역시,남구,남구,남구,남구,22040,2720000000,19950101,2720000000,,Nam-gu,
27230,대구광역시,북구,북구,북구,북구,22050,2723000000,19950101,2723000000,,Buk-gu,
27260,대구광역시,수성구,수성구,수성구,수성구,22060,2726000000,19950101,2726000000,,Suseong-gu,
27290,대구광역시,달서구,달서구,달서구,달서구,22070,2729000000,19950101,2729000000,,Dalseo-gu,
27710,대구광역시,달성군,달성군,달성군,달성군,22510,2771000000,19950301,2771000000,,Dalseong-gun,
27720,대구광역시,군위군,군위군,군위군,군위군,22520,2772000000,20230701,2772000000,,Gunwi-gun,"경상북도 군위군의 대구광역시 편입(230701), 경상북도 군위군 폐지"
28110,인천광역시,중구,중구,중구,중구,23010,2811000000,19950101,2811000000,,Jung-gu,
28140,인천광역시,동구,동구,동구,동구,23020,2814000000,19950101,2814000000,,Dong-gu,
28177,인천광역시,미추홀구,미추홀구,미추홀구,미추홀구,23090,2817700000,20180701,2817700000,,Michuhol-gu,자치구명 남구→미추홀구로 변경(180701)
28185,인천광역시,연수구,연수구,연수구,연수구,23040,2818500000,19950301,2818500000,,Yeonsu-gu,
28200,인천광역시,남동구,남동구,남동구,남동구,23050,2820000000,19950101,2820000000,,Namdong-gu,
28237,인천광역시,부평구,부평구,부평구,부평구,23060,2823700000,19950301,2823700000,,Bupyeong-gu,
28245,인천광역시,계양구,계양구,계양구,계양구,23070,2824500000,19950301,2824500000,,Gyeyang-gu,
28260,인천광역시,서구,서구,서구,서구,23080,2826000000,19950101,2826000000,,Seo-gu,
28710,인천광역시,강화군,강화군,강화군,강화군,23510,2871000000,19950301,2871000000,,Ganghwa-gun,
28720,인천광역시,옹진군,옹진군,옹진군,옹진군,23520,2872000000,19950301,2872000000,,Ongjin-gun,
29110,광주광역시,동구,동구,동구,동구,24010,2911000000,19950101,2911000000,,Dong-gu,
29140,광주광역시,서구,서구,서구,서구,24020,2914000000,19950101,2914000000,,Seo-gu,
29155,광주광역시,남구,남구,남구,남구,24030,2915500000,19950301,2915500000,,Nam-gu,
29170,광주광역시,북구,북구,북구,북구,24040,2917000000,19950101,2917000000,,Buk-gu,
29200,광주광역시,광산구,광산구,광산구,광산구,24050,2920000000,19950101,2920000000,,Gwangsan-gu,
30110,대전광역시,동구,동구,동구,동구,25010,3011000000,19950101,3011000000,,Dong-gu,
30140,대전광역시,중구,중구,중구,중구,25020,3014000000,19950101,3014000000,,Jung-gu,
30170,대전광역시,서구,서구,서구,서구,25030,3017000000,19950101,3017000000,,Seo-gu,
30200,대전광역시,유성구,유성구,유성구,유성구,25040,3020000000,19950101,3020000000,,Yuseong-gu,
30230,대전광역시,대덕구,대덕구,대덕구,대덕구,25050,3023000000,19950101,3023000000,,Daedeok-gu,
31110,울산광역시,중구,중구,중구,중구,26010,3111000000,19970715,3111000000,,Jung-gu,
31140,울산광역시,남구,남구,남구,남구,26020,3114000000,19970715,3114000000,,Nam-gu,
31170,울산광역시,동구,동구,동구,동구,26030,3117000000,19970715,3117000000,,Dong-gu,
31200,울산광역시,북구,북구,북구,북구,26040,3120000000,19970715,3120000000,,Buk-gu,
31710,울산광역시,울주군,울주군,울주군,울주군,26510,3171000000,19970715,3171000000,,Ulju-gun,
36110,세종특별자치시,세종특별자치시,세종특별자치시,세종특별자치시,세종특별자치시,29010,3611000000,20120701,3611000000,,Sejong-si,
41110,경기도,수원시,수원시,수원시,수원시,31010,4111000000,19880423,4111000000,,Suwon-si,
41111,경기도,수원시 장안구,수원시 장안구,수원시 장안구,수원시 장안구,31011,4111100000,19880701,4111100000,,Jangan-gu,
41113,경기도,수원시 권선구,수원시 권선구,수원시 권선구,수원시 권선구,31012,4111300000,19880701,4111300000,,Gwonseon-gu,
41115,경기도,수원시 팔달구,수원시 팔달구,수원시 팔달구,수원시 팔달구,31013,4111500000,19930115,4111500000,,Paldal-gu,
41117,경기도,수원시 영통구,수원시 영통구,수원시 영통구,수원시 영통구,31014,4111700000,20031124,4111700000,,Yeongtong-gu,
41130,경기도,성남시,성남시,성남시,성남시,31020,4113000000,19880423,4113000000,,Seongnam-si,
41131,경기도,성남시 수정구,성남시 수정구,성남시 수정구,성남시 수정구,31021,4113100000,19890501,4113100000,,Sujeong-gu,
41133,경기도,성남시 중원구,성남시 중원구,성남시 중원구,성남시 중원구,31022,4113300000,19890501,4113300000,,Jungwon-gu,
41135,경기도,성남시 분당구,성남시 분당구,성남시 분당구,성남시 분당구,31023,4113500000,19910916,4113500000,,Bundang-gu,
41150,경기도,의정부시,의정부시,의정부시,의정부시,31030,4115000000,19880423,4115000000,,Uijeongbu-si,
41170,경기도,안양시,안양시,안양시,안양시,31040,4117000000,19880423,4117000000,,Anyang-si,
41171,경기도,안양시 만안구,안양시 만안구,안양시 만안구,안양시 만안구,31041,4117100000,19921001,4117100000,,Manan-gu,
41173,경기도,안양시 동안구,안양시 동안구,안양시 동안구,안양시 동안구,31042,4117300000,19921001,4117300000,,Dongan-gu,
41190,경기도,부천시,부천시,부천시,부천시,31050,4119000000,19880423,4119000000,,Bucheon-si,
41192,경기도,부천시 원미구,부천시 원미구,부천시 원미구,부천시 원미구,31051,4119200000,20240101,4119200000,,Wonmi-gu,"부천시 구설치(원미구,소사구,오정구) 및 광역동에서 일반동으로 전환(240101)"
41194,경기도,부천시 소사구,부천시 소사구,부천시 소사구,부천시 소사구,31052,4119400000,20240101,4119400000,,Sosa-gu,"부천시 구설치(원미구,소사구,오정구) 및 광역동에서 일반동으로 전환(240101)"
41196,경기도,부천시 오정구,부천시 오정구,부천시 오정구,부천시 오정구,31053,4119600000,20240101,4119600000,,Ojeong-gu,"부천시 구설치(원미구,소사구,오정구) 및 광역동에서 일반동으로 전환(240101)"
41210,경기도,광명시,광명시,광명시,광명시,31060,4121000000,19880423,4121000000,,Gwangmyeong-si,
41220,경기도,평택시,평택시,평택시,평택시,31070,4122000000,19950510,4122000000,,Pyeongtaek-si,
41250,경기도,동두천시,동두천시,동두천시,동두천시,31080,4125000000,19880423,4125000000,,Dongducheon-si,
41270,경기도,안산시,안산시,안산시,안산시,31090,4127000000,19880423,4127000000,,Ansan-si,
41271,경기도,안산시 상록구,안산시 상록구,안산시 상록구,안산시 상록구,31091,4127100000,20021101,4127100000,,Sangnok-gu,
41273,경기도,안산시 단원구,안산시 단원구,안산시 단원구,안산시 단원구,31092,4127300000,20021101,4127300000,,Danwon-gu,
41280,경기도,고양시,고양시,고양시,고양시,31100,4128000000,19920504,4128000000,,Goyang-si,
41281,경기도,고양시 덕양구,고양시 덕양구,고양시 덕양구,고양시 덕양구,31101,4128100000,19960301,4128100000,,Deogyang-gu,
41285,경기도,고양시 일산동구,고양시 일산동구,고양시 일산동구,고양시 일산동구,31103,4128500000,20050516,4128500000,,Ilsandong-gu,
41287,경기도,고양시 일산서구,고양시 일산서구,고양시 일산서구,고양시 일산서구,31104,4128700000,20050516,4128700000,,Ilsanseo-gu,
41290,경기도,과천시,과천시,과천시,과천시,31110,4129000000,19880423,4129000000,,Gwacheon-si,
41310,경기도,구리시,구리시,구리시,구리시,31120,4131000000,19880423,4131000000,,Guri-si,
41360,경기도,남양주시,남양주시,남양주시,남양주시,31130,4136000000,19950101,4136000000,,Namyangju-si,
41370,경기도,오산시,오산시,오산시,오산시,31140,4137000000,19890101,4137000000,,Osan-si,
41390,경기도,시흥시,시흥시,시흥시,시흥시,31150,4139000000,19890101,4139000000,,Siheung-si,
41410,경기도,군포시,군포시,군포시,군포시,31160,4141000000,19890101,4141000000,,Gunpo-si,
41430,경기도,의왕시,의왕시,의왕시,의왕시,31170,4143000000,19890101,4143000000,,Uiwang-si,
41450,경기도,하남시,하남시,하남시,하남시,31180,4145000000,19890101,4145000000,,Hanam-si,
41460,경기도,용인시,용인시,용인시,용인시,31190,4146000000,19960301,4146000000,,Yongin-si,
41461,경기도,용인시 처인구,용인시 처인구,용인시 처인구,용인시 처인구,31191,4146100000,20051031,4146100000,,Cheoin-gu,
41463,경기도,용인시 기흥구,용인시 기흥구,용인시 기흥구,용인시 기흥구,31192,4146300000,20051031,4146300000,,Giheung-gu,
41465,경기도,용인시 수지구,용인시 수지구,용인시 수지구,용인시 수지구,31193,4146500000,20051031,4146500000,,Suji-gu,
41480,경기도,파주시,파주시,파주시,파주시,31200,4148000000,19960301,4148000000,,Paju-si,
41500,경기도,이천시,이천시,이천시,이천시,31210,4150000000,19960301,4150000000,,Icheon-si,
41550,경기도,안성시,안성시,안성시,안성시,31220,4155000000,19980401,4155000000,,Anseong-si,
41570,경기도,김포시,김포시,김포시,김포시,31230,4157000000,19980401,4157000000,,Gimpo-si,
41590,경기도,화성시,화성시,화성시,화성시,31240,4159000000,20010321,4159000000,,Hwaseong-si,
41591,경기도,화성시 만세구,화성시 만세구,화성시 만세구,화성시 만세구,31241,4159100000,20260201,4159100000,,Manse-gu,만세구 신설(260201)
41593,경기도,화성시 효행구,화성시 효행구,화성시 효행구,화성시 효행구,31242,4159300000,20260201,4159300000,,Hyohaeng-gu,효행구 신설(260201)
41595,경기도,화성시 병점구,화성시 병점구,화성시 병점구,화성시 병점구,31243,4159500000,20260201,4159500000,,Byeongjeom-gu,병점구 신설(260201)
41597,경기도,화성시 동탄구,화성시 동탄구,화성시 동탄구,화성시 동탄구,31244,4159700000,20260201,4159700000,,Dongtan-gu,동타구 신설(260201)
41610,경기도,광주시,광주시,광주시,광주시,31250,4161000000,20010321,4161000000,,Gwangju-si,
41630,경기도,양주시,양주시,양주시,양주시,31260,4163000000,20031019,4163000000,,Yangju-si,
41650,경기도,포천시,포천시,포천시,포천시,31270,4165000000,20031019,4165000000,,Pocheon-si,
41670,경기도,여주시,여주시,여주시,여주시,31280,4167000000,20130923,4167000000,,Yeoju-si,
41800,경기도,연천군,연천군,연천군,연천군,31550,4180000000,19880423,4180000000,,Yeoncheon-gun,
41820,경기도,가평군,가평군,가평군,가평군,31570,4182000000,19880423,4182000000,,Gapyeong-gun,
41830,경기도,양평군,양평군,양평군,양평군,31580,4183000000,19880423,4183000000,,Yangpyeong-gun,
51110,강원특별자치도,춘천시,춘천시,춘천시,춘천시,32010,5111000000,20230611,5111000000,,Chuncheon-si,강원특별자치도 출범으로 명칭변경(강원도→강원특별자치도)(230611)
51130,강원특별자치도,원주시,원주시,원주시,원주시,32020,5113000000,20230611,5113000000,,Wonju-si,강원특별자치도 출범으로 명칭변경(강원도→강원특별자치도)(230611)
51150,강원특별자치도,강릉시,강릉시,강릉시,강릉시,32030,5115000000,20230611,5115000000,,Gangneung-si,강원특별자치도 출범으로 명칭변경(강원도→강원특별자치도)(230611)
51170,강원특별자치도,동해시,동해시,동해시,동해시,32040,5117000000,20230611,5117000000,,Donghae-si,강원특별자치도 출범으로 명칭변경(강원도→강원특별자치도)(230611)
51190,강원특별자치도,태백시,태백시,태백시,태백시,32050,5119000000,20230611,5119000000,,Taebaek-si,강원특별자치도 출범으로 명칭변경(강원도→강원특별자치도)(230611)
51210,강원특별자치도,속초시,속초시,속초시,속초시,32060,5121000000,20230611,5121000000,,Sokcho-si,강원특별자치도 출범으로 명칭변경(강원도→강원특별자치도)(230611)
51230,강원특별자치도,삼척시,삼척시,삼척시,삼척시,32070,5123000000,20230611,5123000000,,Samcheok-si,강원특별자치도 출범으로 명칭변경(강원도→강원특별자치도)(230611)
51720,강원특별자치도,홍천군,홍천군,홍천군,홍천군,32510,5172000000,20230611,5172000000,,Hongcheon-gun,강원특별자치도 출범으로 명칭변경(강원도→강원특별자치도)(230611)
51730,강원특별자치도,횡성군,횡성군,횡성군,횡성군,32520,5173000000,20230611,5173000000,,Hoengseong-gun,강원특별자치도 출범으로 명칭변경(강원도→강원특별자치도)(230611)
51750,강원특별자치도,영월군,영월군,영월군,영월군,32530,5175000000,20230611,5175000000,,Yeongwol-gun,강원특별자치도 출범으로 명칭변경(강원도→강원특별자치도)(230611)
51760,강원특별자치도,평창군,평창군,평창군,평창군,32540,5176000000,20230611,5176000000,,Pyeongchang-gun,강원특별자치도 출범으로 명칭변경(강원도→강원특별자치도)(230611)
51770,강원특별자치도,정선군,정선군,정선군,정선군,32550,5177000000,20230611,5177000000,,Jeongseon-gun,강원특별자치도 출범으로 명칭변경(강원도→강원특별자치도)(230611)
51780,강원특별자치도,철원군,철원군,철원군,철원군,32560,5178000000,20230611,5178000000,,Cheorwon-gun,강원특별자치도 출범으로 명칭변경(강원도→강원특별자치도)(230611)
51790,강원특별자치도,화천군,화천군,화천군,화천군,32570,5179000000,20230611,5179000000,,Hwacheon-gun,강원특별자치도 출범으로 명칭변경(강원도→강원특별자치도)(230611)
51800,강원특별자치도,양구군,양구군,양구군,양구군,32580,5180000000,20230611,5180000000,,Yanggu-gun,강원특별자치도 출범으로 명칭변경(강원도→강원특별자치도)(230611)
51810,강원특별자치도,인제군,인제군,인제군,인제군,32590,5181000000,20230611,5181000000,,Inje-gun,강원특별자치도 출범으로 명칭변경(강원도→강원특별자치도)(230611)
51820,강원특별자치도,고성군,고성군,고성군,고성군,32600,5182000000,20230611,5182000000,,Goseong-gun,강원특별자치도 출범으로 명칭변경(강원도→강원특별자치도)(230611)
51830,강원특별자치도,양양군,양양군,양양군,양양군,32610,5183000000,20230611,5183000000,,Yangyang-gun,강원특별자치도 출범으로 명칭변경(강원도→강원특별자치도)(230611)
43110,충청북도,청주시,청주시,청주시,청주시,33040,4311000000,19880423,4311000000,,Cheongju-si,
43111,충청북도,청주시 상당구,청주시 상당구,청주시 상당구,청주시 상당구,33041,4311100000,19950101,4311100000,,Sangdang-gu,
43112,충청북도,청주시 서원구,청주시 서원구,청주시 서원구,청주시 서원구,33042,4311200000,20140701,4311200000,,Seowon-gu,
43113,충청북도,청주시 흥덕구,청주시 흥덕구,청주시 흥덕구,청주시 흥덕구,33043,4311300000,19950101,4311300000,,Heungdeok-gu,
43114,충청북도,청주시 청원구,청주시 청원구,청주시 청원구,청주시 청원구,33044,4311400000,20140701,4311400000,,Cheongwon-gu,통합청주시 출범으로 인한 청원군 통합
43130,충청북도,충주시,충주시,충주시,충주시,33020,4313000000,19880423,4313000000,,Chungju-si,
43150,충청북도,제천시,제천시,제천시,제천시,33030,4315000000,19880423,4315000000,,Jecheon-si,
43720,충청북도,보은군,보은군,보은군,보은군,33520,4372000000,19880423,4372000000,,Boeun-gun,
43730,충청북도,옥천군,옥천군,옥천군,옥천군,33530,4373000000,19880423,4373000000,,Okcheon-gun,
43740,충청북도,영동군,영동군,영동군,영동군,33540,4374000000,19880423,4374000000,,Yeongdong-gun,
43745,충청북도,증평군,증평군,증평군,증평군,33590,4374500000,20030830,4374500000,,Jeungpyeong-gun,
43750,충청북도,진천군,진천군,진천군,진천군,33550,4375000000,19880423,4375000000,,Jincheon-gun,
43760,충청북도,괴산군,괴산군,괴산군,괴산군,33560,4376000000,19880423,4376000000,,Goesan-gun,
43770,충청북도,음성군,음성군,음성군,음성군,33570,4377000000,19880423,4377000000,,Eumseong-gun,
43800,충청북도,단양군,단양군,단양군,단양군,33580,4380000000,19880423,4380000000,,Danyang-gun,
44130,충청남도,천안시,천안시,천안시,천안시,34010,4413000000,19880423,4413000000,,Cheonan-si,
44131,충청남도,천안시 동남구,천안시 동남구,천안시 동남구,천안시 동남구,34011,4413100000,20080623,4413100000,,Dongnam-gu,
44133,충청남도,천안시 서북구,천안시 서북구,천안시 서북구,천안시 서북구,34012,4413300000,20080623,4413300000,,Sebuk-gu,
44150,충청남도,공주시,공주시,공주시,공주시,34020,4415000000,19880423,4415000000,,Gongju-si,
44180,충청남도,보령시,보령시,보령시,보령시,34030,4418000000,19950101,4418000000,,Boryeong-si,
44200,충청남도,아산시,아산시,아산시,아산시,34040,4420000000,19950101,4420000000,,Asan-si,
44210,충청남도,서산시,서산시,서산시,서산시,34050,4421000000,19890101,4421000000,,Seosan-si,
44230,충청남도,논산시,논산시,논산시,논산시,34060,4423000000,19960301,4423000000,,Nonsan-si,
44250,충청남도,계룡시,계룡시,계룡시,계룡시,34070,4425000000,20030919,4425000000,,Gyeryong-si,
44270,충청남도,당진시,당진시,당진시,당진시,34080,4427000000,20120101,4427000000,,Dangjin-si,
44710,충청남도,금산군,금산군,금산군,금산군,34510,4471000000,19880423,4471000000,,Geumsan-gun,
44760,충청남도,부여군,부여군,부여군,부여군,34530,4476000000,19880423,4476000000,,Buyeo-gun,
44770,충청남도,서천군,서천군,서천군,서천군,34540,4477000000,19880423,4477000000,,Seocheon-gun,
44790,충청남도,청양군,청양군,청양군,청양군,34550,4479000000,19880423,4479000000,,Cheongyang-gun,
44800,충청남도,홍성군,홍성군,홍성군,홍성군,34560,4480000000,19880423,4480000000,,Hongseong-gun,
44810,충청남도,예산군,예산군,예산군,예산군,34570,4481000000,19880423,4481000000,,Yesan-gun,
44825,충청남도,태안군,태안군,태안군,태안군,34580,4482500000,19890101,4482500000,,Taean-gun,
52110,전북특별자치도,전주시,전주시,전주시,전주시,35010,5211000000,20240118,5211000000,,Jeonju-si,전북특별자치도 출범으로 명칭변경(전라북도→전북특별자치도)(240118)
52111,전북특별자치도,전주시 완산구,전주시 완산구,전주시 완산구,전주시 완산구,35011,5211100000,20240118,5211100000,,Wansan-gu,전북특별자치도 출범으로 명칭변경(전라북도→전북특별자치도)(240118)
52113,전북특별자치도,전주시 덕진구,전주시 덕진구,전주시 덕진구,전주시 덕진구,35012,5211300000,20240118,5211300000,,Deokjin-gu,전북특별자치도 출범으로 명칭변경(전라북도→전북특별자치도)(240118)
52130,전북특별자치도,군산시,군산시,군산시,군산시,35020,5213000000,20240118,5213000000,,Gunsan-si,전북특별자치도 출범으로 명칭변경(전라북도→전북특별자치도)(240118)
52140,전북특별자치도,익산시,익산시,익산시,익산시,35030,5214000000,20240118,5214000000,,Iksan-si,전북특별자치도 출범으로 명칭변경(전라북도→전북특별자치도)(240118)
52180,전북특별자치도,정읍시,정읍시,정읍시,정읍시,35040,5218000000,20240118,5218000000,,Jeongeup-si,전북특별자치도 출범으로 명칭변경(전라북도→전북특별자치도)(240118)
52190,전북특별자치도,남원시,남원시,남원시,남원시,35050,5219000000,20240118,5219000000,,Namwon-si,전북특별자치도 출범으로 명칭변경(전라북도→전북특별자치도)(240118)
52210,전북특별자치도,김제시,김제시,김제시,김제시,35060,5221000000,20240118,5221000000,,Gimje-si,전북특별자치도 출범으로 명칭변경(전라북도→전북특별자치도)(240118)
52710,전북특별자치도,완주군,완주군,완주군,완주군,35510,5271000000,20240118,5271000000,,Wanju-gun,전북특별자치도 출범으로 명칭변경(전라북도→전북특별자치도)(240118)
52720,전북특별자치도,진안군,진안군,진안군,진안군,35520,5272000000,20240118,5272000000,,Jinan-gun,전북특별자치도 출범으로 명칭변경(전라북도→전북특별자치도)(240118)
52730,전북특별자치도,무주군,무주군,무주군,무주군,35530,5273000000,20240118,5273000000,,Muju-gun,전북특별자치도 출범으로 명칭변경(전라북도→전북특별자치도)(240118)
52740,전북특별자치도,장수군,장수군,장수군,장수군,35540,5274000000,20240118,5274000000,,Jangsu-gun,전북특별자치도 출범으로 명칭변경(전라북도→전북특별자치도)(240118)
52750,전북특별자치도,임실군,임실군,임실군,임실군,35550,5275000000,20240118,5275000000,,Imsil-gun,전북특별자치도 출범으로 명칭변경(전라북도→전북특별자치도)(240118)
52770,전북특별자치도,순창군,순창군,순창군,순창군,35560,5277000000,20240118,5277000000,,Sunchang-gun,전북특별자치도 출범으로 명칭변경(전라북도→전북특별자치도)(240118)
52790,전북특별자치도,고창군,고창군,고창군,고창군,35570,5279000000,20240118,5279000000,,Gochang-gun,전북특별자치도 출범으로 명칭변경(전라북도→전북특별자치도)(240118)
52800,전북특별자치도,부안군,부안군,부안군,부안군,35580,5280000000,20240118,5280000000,,Buan-gun,전북특별자치도 출범으로 명칭변경(전라북도→전북특별자치도)(240118)
46110,전라남도,목포시,목포시,목포시,목포시,36010,4611000000,19880423,4611000000,,Mokpo-si,
46130,전라남도,여수시,여수시,여수시,여수시,36020,4613000000,19880423,4613000000,,Yeosu-si,
46150,전라남도,순천시,순천시,순천시,순천시,36030,4615000000,19880423,4615000000,,Suncheon-si,
46170,전라남도,나주시,나주시,나주시,나주시,36040,4617000000,19880423,4617000000,,Naju-si,
46230,전라남도,광양시,광양시,광양시,광양시,36060,4623000000,19950101,4623000000,,Gwangyang-si,
46710,전라남도,담양군,담양군,담양군,담양군,36510,4671000000,19880423,4671000000,,Damyang-gun,
46720,전라남도,곡성군,곡성군,곡성군,곡성군,36520,4672000000,19880423,4672000000,,Gokseong-gun,
46730,전라남도,구례군,구례군,구례군,구례군,36530,4673000000,19880423,4673000000,,Gurye-gun,
46770,전라남도,고흥군,고흥군,고흥군,고흥군,36550,4677000000,19880423,4677000000,,Goheung-gun,
46780,전라남도,보성군,보성군,보성군,보성군,36560,4678000000,19880423,4678000000,,Boseong-gun,
46790,전라남도,화순군,화순군,화순군,화순군,36570,4679000000,19880423,4679000000,,Hwasun-gun,
46800,전라남도,장흥군,장흥군,장흥군,장흥군,36580,4680000000,19880423,4680000000,,Jangheung-gun,
46810,전라남도,강진군,강진군,강진군,강진군,36590,4681000000,19880423,4681000000,,Gangjin-gun,
46820,전라남도,해남군,해남군,해남군,해남군,36600,4682000000,19880423,4682000000,,Haenam-gun,
46830,전라남도,영암군,영암군,영암군,영암군,36610,4683000000,19880423,4683000000,,Yeongam-gun,
46840,전라남도,무안군,무안군,무안군,무안군,36620,4684000000,19880423,4684000000,,Muan-gun,
46860,전라남도,함평군,함평군,함평군,함평군,36630,4686000000,19880423,4686000000,,Hampyeong-gun,
46870,전라남도,영광군,영광군,영광군,영광군,36640,4687000000,19880423,4687000000,,Yeonggwang-gun,
46880,전라남도,장성군,장성군,장성군,장성군,36650,4688000000,19880423,4688000000,,Jangseong-gun,
46890,전라남도,완도군,완도군,완도군,완도군,36660,4689000000,19880423,4689000000,,Wando-gun,
46900,전라남도,진도군,진도군,진도군,진도군,36670,4690000000,19880423,4690000000,,Jindo-gun,
46910,전라남도,신안군,신안군,신안군,신안군,36680,4691000000,19880423,4691000000,,Sinan-gun,
47110,경상북도,포항시,포항시,포항시,포항시,37010,4711000000,19880423,4711000000,,Pohang-si,
47111,경상북도,포항시 남구,포항시 남구,포항시 남구,포항시 남구,37011,4711100000,19950101,4711100000,,Nam-gu,
47113,경상북도,포항시 북구,포항시 북구,포항시 북구,포항시 북구,37012,4711300000,19950101,4711300000,,Buk-gu,
47130,경상북도,경주시,경주시,경주시,경주시,37020,4713000000,19880423,4713000000,,Gyeongju-si,
47150,경상북도,김천시,김천시,김천시,김천시,37030,4715000000,19880423,4715000000,,Gimcheon-si,
47170,경상북도,안동시,안동시,안동시,안동시,37040,4717000000,19880423,4717000000,,Andong-si,
47190,경상북도,구미시,구미시,구미시,구미시,37050,4719000000,19880423,4719000000,,Gumi-si,
47210,경상북도,영주시,영주시,영주시,영주시,37060,4721000000,19880423,4721000000,,Yeongju-si,
47230,경상북도,영천시,영천시,영천시,영천시,37070,4723000000,19880423,4723000000,,Yeongcheon-si,
47250,경상북도,상주시,상주시,상주시,상주시,37080,4725000000,19880423,4725000000,,Sangju-si,
47280,경상북도,문경시,문경시,문경시,문경시,37090,4728000000,19950101,4728000000,,Mungyeong-si,
47290,경상북도,경산시,경산시,경산시,경산시,37100,4729000000,19890101,4729000000,,Gyeongsan-si,
47730,경상북도,의성군,의성군,의성군,의성군,37520,4773000000,19880423,4773000000,,Uiseong-gun,
47750,경상북도,청송군,청송군,청송군,청송군,37530,4775000000,19880423,4775000000,,Cheongsong-gun,
47760,경상북도,영양군,영양군,영양군,영양군,37540,4776000000,19880423,4776000000,,Yeongyang-gun,
47770,경상북도,영덕군,영덕군,영덕군,영덕군,37550,4777000000,19880423,4777000000,,Yeongdeok-gun,
47820,경상북도,청도군,청도군,청도군,청도군,37560,4782000000,19880423,4782000000,,Cheongdo-gun,
47830,경상북도,고령군,고령군,고령군,고령군,37570,4783000000,19880423,4783000000,,Goryeong-gun,
47840,경상북도,성주군,성주군,성주군,성주군,37580,4784000000,19880423,4784000000,,Seongju-gun,
47850,경상북도,칠곡군,칠곡군,칠곡군,칠곡군,37590,4785000000,19880423,4785000000,,Chilgok-gun,
47900,경상북도,예천군,예천군,예천군,예천군,37600,4790000000,19880423,4790000000,,Yecheon-gun,
47920,경상북도,봉화군,봉화군,봉화군,봉화군,37610,4792000000,19880423,4792000000,,Bonghwa-gun,
47930,경상북도,울진군,울진군,울진군,울진군,37620,4793000000,19880423,4793000000,,Uljin-gun,
47940,경상북도,울릉군,울릉군,울릉군,울릉군,37630,4794000000,19880423,4794000000,,Ulleung-gun,
48120,경상남도,창원시,창원시,창원시,창원시,38110,4812000000,20100701,4812000000,,Changwon-si,
48121,경상남도,창원시 의창구,창원시 의창구,창원시 의창구,창원시 의창구,38111,4812100000,20100701,4812100000,,Uichang-gu,
48123,경상남도,창원시 성산구,창원시 성산구,창원시 성산구,창원시 성산구,38112,4812300000,20100701,4812300000,,seongsan-gu,
48125,경상남도,창원시 마산합포구,창원시 마산합포구,창원시 마산합포구,창원시 마산합포구,38113,4812500000,20100701,4812500000,,Masanhappo-gu,
48127,경상남도,창원시 마산회원구,창원시 마산회원구,창원시 마산회원구,창원시 마산회원구,38114,4812700000,20100701,4812700000,,Masanhoewon-gu,
48129,경상남도,창원시 진해구,창원시 진해구,창원시 진해구,창원시 진해구,38115,4812900000,20100701,4812900000,,Jinhae-gu,
48170,경상남도,진주시,진주시,진주시,진주시,38030,4817000000,19880423,4817000000,,Jinju-si,
48220,경상남도,통영시,통영시,통영시,통영시,38050,4822000000,19950101,4822000000,,Tongyeong-si,
48240,경상남도,사천시,사천시,사천시,사천시,38060,4824000000,19950510,4824000000,,Sacheon-si,
48250,경상남도,김해시,김해시,김해시,김해시,38070,4825000000,19880423,4825000000,,Gimhae-si,
48270,경상남도,밀양시,밀양시,밀양시,밀양시,38080,4827000000,19890101,4827000000,,Miryang-si,
48310,경상남도,거제시,거제시,거제시,거제시,38090,4831000000,19950101,4831000000,,Geoje-si,
48330,경상남도,양산시,양산시,양산시,양산시,38100,4833000000,19960301,4833000000,,Yangsan-si,
48720,경상남도,의령군,의령군,의령군,의령군,38510,4872000000,19880423,4872000000,,Uiryeong-gun,
48730,경상남도,함안군,함안군,함안군,함안군,38520,4873000000,19880423,4873000000,,Haman-gun,
48740,경상남도,창녕군,창녕군,창녕군,창녕군,38530,4874000000,19880423,4874000000,,Changnyeong-gun,
48820,경상남도,고성군,고성군,고성군,고성군,38540,4882000000,19880423,4882000000,,Goseong-gun,
48840,경상남도,남해군,남해군,남해군,남해군,38550,4884000000,19880423,4884000000,,Namhae-gun,
48850,경상남도,하동군,하동군,하동군,하동군,38560,4885000000,19880423,4885000000,,Hadong-gun,
48860,경상남도,산청군,산청군,산청군,산청군,38570,4886000000,19880423,4886000000,,Sancheong-gun,
48870,경상남도,함양군,함양군,함양군,함양군,38580,4887000000,19880423,4887000000,,Hamyang-gun,
48880,경상남도,거창군,거창군,거창군,거창군,38590,4888000000,19880423,4888000000,,Geochang-gun,
48890,경상남도,합천군,합천군,합천군,합천군,38600,4889000000,19880423,4889000000,,Hapcheon-gun,
50110,제주특별자치도,제주시,제주시,제주시,제주시,39010,5011000000,20060701,5011000000,,Jeju-si,
50130,제주특별자치도,서귀포시,서귀포시,서귀포시,서귀포시,39020,5013000000,20060701,5013000000,,Seogwipo-si,
